{
  "181": {
    "authors": [
      "shereefb"
    ],
    "goal_id": 181,
    "team_size": 2,
    "title": "Timeoff Snapshot - Approver Epic",
    "created_at": "2017-02-21T22:26:48Z",
    "labels": [
      "snapshot"
    ],
    "published": true,
    "phase": 3,
    "url": "https://curriculum.learnersguild.org/modules/Timeoff-Approver-Epic--Goal-181",
    "dynamic": false
  },
  "232": {
    "authors": [
      "tannerwelsh"
    ],
    "goal_id": 232,
    "team_size": 2,
    "title": "Trossello Snapshot: Members & Teams Epic",
    "created_at": "2017-03-22T11:10:48Z",
    "labels": [
      "snapshot"
    ],
    "published": true,
    "phase": 3,
    "url": "https://curriculum.learnersguild.org/modules/Trosello-Snapshot-Members-And-Teams-Epic--Goal-232",
    "dynamic": false
  },
  "330": {
    "authors": [
      "jlopker"
    ],
    "team_size": 2,
    "goal_id": 330,
    "title": "Roam",
    "created_at": "2017-05-12T10:38:28Z",
    "labels": [
      "practice"
    ],
    "published": true,
    "phase": 3,
    "url": "https://curriculum.learnersguild.org/modules/Roam--Goal-330",
    "dynamic": false
  },
  "356": {
    "authors": [
      "jlopker"
    ],
    "team_size": 1,
    "goal_id": 356,
    "title": "Your Portfolio Site",
    "created_at": "2017-04-26T11:00:00Z",
    "labels": [
      "practice"
    ],
    "phase": 3,
    "published": true,
    "url": "https://curriculum.learnersguild.org/modules/Your-Portfolio-Site--Goal-356",
    "dynamic": false
  },
  "383": {
    "authors": [
      "jlopker"
    ],
    "team_size": 2,
    "goal_id": 383,
    "title": "CRUD Mutably",
    "created_at": "2017-05-11T11:00:00Z",
    "labels": [
      "practice"
    ],
    "phase": 3,
    "published": true,
    "url": "https://curriculum.learnersguild.org/modules/CRUD-Mutability--Goal-383/",
    "dynamic": false
  },
  "387": {
    "authors": [
      "tannerwelsh"
    ],
    "team_size": 2,
    "goal_id": 387,
    "title": "Mmmarkdown",
    "created_at": "2017-05-12T10:38:28Z",
    "labels": [
      "practice"
    ],
    "published": true,
    "phase": 3,
    "url": "https://curriculum.learnersguild.org/modules/Mmmarkdown--Goal-387",
    "dynamic": false
  },
  "412": {
    "authors": [
      "tannerwelsh"
    ],
    "team_size": 1,
    "goal_id": 412,
    "title": "Phase 1",
    "created_at": "2017-06-13T10:38:28Z",
    "labels": [
      "phase"
    ],
    "published": false,
    "phase": 1,
    "url": "https://curriculum.learnersguild.org/modules/Phase-1--Goal-412",
    "dynamic": false
  },
  "413": {
    "authors": [
      "tannerwelsh"
    ],
    "team_size": 1,
    "goal_id": 413,
    "title": "Phase 2",
    "created_at": "2017-06-13T10:38:28Z",
    "labels": [
      "phase"
    ],
    "published": false,
    "phase": 2,
    "url": "https://curriculum.learnersguild.org/modules/Phase-2--Goal-413",
    "dynamic": false
  },
  "414": {
    "authors": [
      "tannerwelsh"
    ],
    "team_size": 1,
    "goal_id": 414,
    "title": "Phase 4",
    "created_at": "2017-06-13T10:38:28Z",
    "labels": [
      "phase"
    ],
    "published": false,
    "phase": 4,
    "url": "https://curriculum.learnersguild.org/modules/Phase-4--Goal-414",
    "dynamic": false
  },
  "415": {
    "authors": [
      "tannerwelsh"
    ],
    "team_size": 1,
    "goal_id": 415,
    "title": "Phase 5",
    "created_at": "2017-06-13T10:38:28Z",
    "labels": [
      "phase"
    ],
    "published": false,
    "phase": 5,
    "url": "https://curriculum.learnersguild.org/modules/Phase-5--Goal-415",
    "dynamic": false
  },
  "416": {
    "authors": [
      "tannerwelsh"
    ],
    "team_size": 1,
    "goal_id": 416,
    "title": "Phase 2 Interview",
    "created_at": "2017-06-13T10:38:28Z",
    "labels": [
      "phase"
    ],
    "published": false,
    "phase": 1,
    "url": "https://curriculum.learnersguild.org/modules/Phase-2-Interview--Goal-416",
    "dynamic": false
  },
  "417": {
    "authors": [
      "tannerwelsh"
    ],
    "team_size": 1,
    "goal_id": 417,
    "title": "Phase 3 Interview",
    "created_at": "2017-06-13T10:38:28Z",
    "labels": [
      "phase"
    ],
    "published": false,
    "phase": 2,
    "url": "https://curriculum.learnersguild.org/modules/Phase-3-Interview--Goal-417",
    "dynamic": false
  },
  "418": {
    "authors": [
      "tannerwelsh"
    ],
    "team_size": 1,
    "goal_id": 418,
    "title": "Phase 4 Interview",
    "created_at": "2017-06-13T10:38:28Z",
    "labels": [
      "phase"
    ],
    "published": false,
    "phase": 3,
    "url": "https://curriculum.learnersguild.org/modules/Phase-4-Interview--Goal-418",
    "dynamic": false
  },
  "444": {
    "authors": [
      "jlopker"
    ],
    "goal_id": 444,
    "team_size": 2,
    "title": "Auth Snapshot",
    "created_at": "2017-06-28T11:10:48Z",
    "labels": [
      "snapshot"
    ],
    "published": true,
    "phase": 3,
    "url": "https://curriculum.learnersguild.org/modules/Auth-Snapshot-Simple--Goal-444",
    "dynamic": false
  },
  "446": {
    "authors": [
      "jlopker"
    ],
    "goal_id": 446,
    "team_size": 2,
    "title": "Testing Snapshot",
    "created_at": "2017-06-28T11:10:48Z",
    "labels": [
      "snapshot"
    ],
    "published": true,
    "phase": 3,
    "url": "https://curriculum.learnersguild.org/modules/Testing-Snapshot--Goal-446",
    "dynamic": false
  },
  "447": {
    "authors": [
      "punitrathore"
    ],
    "goal_id": 447,
    "team_size": 2,
    "title": "SQL Migrations Snapshot",
    "created_at": "2017-07-18T11:10:48Z",
    "labels": [
      "snapshot"
    ],
    "published": true,
    "phase": 3,
    "url": "https://curriculum.learnersguild.org/modules/Migrations-Snapshot--Goal-447",
    "dynamic": false
  },
  "64": {
    "authors": [
      "rachel-ftw",
      "mantinone"
    ],
    "team_size": 1,
    "goal_id": 64,
    "title": "To Do List App",
    "created_at": "2016-08-06T00:52:33Z",
    "labels": [
      "practice"
    ],
    "published": true,
    "phase": 3,
    "url": "https://curriculum.learnersguild.org/modules/To-Do-List-App--Goal-64",
    "dynamic": false
  },
  "69": {
    "authors": [
      "jrob8577"
    ],
    "team_size": 2,
    "goal_id": 69,
    "title": "Simple Book Store",
    "created_at": "2016-08-12T23:16:31Z",
    "labels": [
      "practice"
    ],
    "published": true,
    "phase": 3,
    "url": "https://curriculum.learnersguild.org/modules/Simple-Book-Store--Goal-69",
    "dynamic": false
  },
  "98": {
    "authors": [
      "deonna"
    ],
    "team_size": 2,
    "goal_id": 98,
    "title": "Pizza Restaurant: Relational DB Schema with CRUD API",
    "created_at": "2016-10-13T22:49:54Z",
    "labels": [
      "practice"
    ],
    "published": true,
    "phase": 3,
    "url": "https://curriculum.learnersguild.org/modules/Pizza-Restaurant-Relational-DB-Schema-With-CRUD-API--Goal-98",
    "dynamic": false
  },
  "448": {
    "authors": [
      "punitrathore"
    ],
    "team_size": 1,
    "goal_id": 448,
    "title": "Debugging Snapshot",
    "created_at": "2017-08-08T22:22:22Z",
    "labels": [
      "practice"
    ],
    "published": true,
    "phase": 3,
    "url": "https://curriculum.learnersguild.org/modules/Debugging-Snapshot--Goal-448",
    "dynamic": false
  }
}
